site,residue,resnum,atom,x,y,z
guided,LYS,95,N,4.493,71.766,123.04
guided,LYS,95,CA,4.797,72.8,124.031
guided,LYS,95,C,4.094,74.095,123.673
guided,LYS,95,O,4.022,74.458,122.5
guided,LYS,95,CB,6.308,73.05,124.092
guided,LYS,95,CG,6.678,74.288,124.886
guided,LYS,95,CD,8.179,74.383,125.173
guided,LYS,95,CE,9.008,74.853,123.988
guided,LYS,95,NZ,10.433,74.955,124.411
guided,GLU,97,N,3.655,78.308,124.817
guided,GLU,97,CA,4.18,79.447,125.562
guided,GLU,97,C,3.303,80.684,125.463
guided,GLU,97,O,2.84,81.046,124.378
guided,GLU,97,CB,5.576,79.805,125.043
guided,GLU,97,CG,6.736,79.26,125.854
guided,GLU,97,CD,7.95,78.961,124.989
guided,GLU,97,OE1,9.054,78.751,125.545
guided,GLU,97,OE2,7.791,78.919,123.746
guided,LEU,98,N,3.082,81.331,126.602
guided,LEU,98,CA,2.31,82.567,126.628
guided,LEU,98,C,3.368,83.669,126.673
guided,LEU,98,O,3.884,84.023,127.74
guided,LEU,98,CB,1.416,82.614,127.865
guided,LEU,98,CG,0.376,81.494,127.943
guided,LEU,98,CD1,-0.534,81.756,129.126
guided,LEU,98,CD2,-0.432,81.42,126.646
guided,MET,99,N,3.682,84.198,125.495
guided,MET,99,CA,4.721,85.197,125.322
guided,MET,99,C,4.45,86.642,125.687
guided,MET,99,O,5.32,87.306,126.235
guided,MET,99,CB,5.208,85.14,123.883
guided,MET,99,CG,5.687,83.773,123.498
guided,MET,99,SD,6.96,83.294,124.655
guided,MET,99,CE,8.303,82.99,123.55
guided,TYR,100,N,3.26,87.141,125.391
guided,TYR,100,CA,2.975,88.536,125.679
guided,TYR,100,C,1.487,88.843,125.722
guided,TYR,100,O,0.713,88.319,124.924
guided,TYR,100,CB,3.625,89.405,124.605
guided,TYR,100,CG,3.4,90.873,124.802
guided,TYR,100,CD1,4.177,91.596,125.701
guided,TYR,100,CD2,2.377,91.537,124.13
guided,TYR,100,CE1,3.939,92.947,125.932
guided,TYR,100,CE2,2.13,92.895,124.353
guided,TYR,100,CZ,2.914,93.589,125.256
guided,TYR,100,OH,2.68,94.919,125.497
guided,PRO,102,N,3.363,89.911,129.489
guided,PRO,102,CA,3.788,89.051,130.589
guided,PRO,102,C,2.684,89.089,131.627
guided,PRO,102,O,1.737,89.866,131.5
guided,PRO,102,CB,5.06,89.741,131.081
guided,PRO,102,CG,4.743,91.187,130.841
guided,PRO,102,CD,4.113,91.176,129.468
guided,PRO,103,N,2.755,88.216,132.634
guided,PRO,103,CA,3.837,87.266,132.873
guided,PRO,103,C,3.889,86.148,131.847
guided,PRO,103,O,2.911,85.863,131.159
guided,PRO,103,CB,3.524,86.733,134.26
guided,PRO,103,CG,2.063,86.76,134.283
guided,PRO,103,CD,1.748,88.114,133.695
guided,TYR,104,N,5.052,85.517,131.776
guided,TYR,104,CA,5.293,84.419,130.854
guided,TYR,104,C,4.863,83.108,131.481
guided,TYR,104,O,5.151,82.843,132.658
guided,TYR,104,CB,6.785,84.354,130.517
guided,TYR,104,CG,7.243,83.076,129.85
guided,TYR,104,CD1,7.193,82.932,128.462
guided,TYR,104,CD2,7.782,82.036,130.605
guided,TYR,104,CE1,7.68,81.782,127.839
guided,TYR,104,CE2,8.266,80.888,130.007
guided,TYR,104,CZ,8.215,80.76,128.624
guided,TYR,104,OH,8.671,79.6,128.025
guided,TYR,105,N,4.165,82.301,130.683
guided,TYR,105,CA,3.695,80.985,131.118
guided,TYR,105,C,4.16,79.956,130.115
guided,TYR,105,O,4.143,80.206,128.908
guided,TYR,105,CB,2.167,80.922,131.203
guided,TYR,105,CG,1.564,81.708,132.344
guided,TYR,105,CD1,1.069,83.001,132.145
guided,TYR,105,CD2,1.468,81.151,133.622
guided,TYR,105,CE1,0.486,83.719,133.191
guided,TYR,105,CE2,0.886,81.858,134.676
guided,TYR,105,CZ,0.394,83.14,134.455
guided,TYR,105,OH,-0.213,83.832,135.484
guided,LEU,106,N,4.571,78.804,130.626
guided,LEU,106,CA,5.046,77.712,129.797
guided,LEU,106,C,4.231,76.457,130.064
guided,LEU,106,O,3.899,76.163,131.206
guided,LEU,106,CB,6.511,77.415,130.101
guided,LEU,106,CG,7.011,76.057,129.599
guided,LEU,106,CD1,6.949,76.03,128.081
guided,LEU,106,CD2,8.424,75.821,130.056
blind,ARG,16,N,-0.337,58.622,103.153
blind,ARG,16,CA,0.556,59.66,102.642
blind,ARG,16,C,1.738,59.851,103.603
blind,ARG,16,O,2.756,59.158,103.499
blind,ARG,16,CB,-0.216,60.962,102.478
blind,THR,61,N,-0.441,80.389,111.789
blind,THR,61,CA,0.196,80.216,110.498
blind,THR,61,C,1.682,79.936,110.584
blind,THR,61,O,2.458,80.789,111.0
blind,THR,61,CB,-0.022,81.455,109.621
blind,THR,61,OG1,-1.426,81.681,109.465
blind,THR,61,CG2,0.603,81.256,108.25
blind,PHE,62,N,2.075,78.736,110.177
blind,PHE,62,CA,3.477,78.347,110.194
blind,PHE,62,C,4.216,78.957,109.012
blind,PHE,62,O,3.62,79.671,108.212
blind,PHE,62,CB,3.591,76.822,110.163
blind,PHE,62,CG,3.316,76.192,111.485
blind,PHE,62,CD1,2.088,76.376,112.116
blind,PHE,62,CD2,4.291,75.429,112.12
blind,PHE,62,CE1,1.85,75.851,113.392
blind,PHE,62,CE2,4.07,74.9,113.394
blind,PHE,62,CZ,2.837,75.096,114.024
blind,LEU,63,N,5.513,78.684,108.908
blind,LEU,63,CA,6.312,79.216,107.807
blind,LEU,63,C,6.21,78.323,106.583
blind,LEU,63,O,5.373,77.421,106.522
blind,LEU,63,CB,7.785,79.33,108.211
blind,LEU,63,CG,8.191,80.35,109.278
blind,LEU,63,CD1,9.68,80.219,109.551
blind,LEU,63,CD2,7.855,81.762,108.811
blind,ASP,64,N,7.074,78.591,105.609
blind,ASP,64,CA,7.139,77.814,104.374
blind,ASP,64,C,8.243,76.779,104.592
blind,ASP,64,O,8.142,75.64,104.14
blind,ASP,64,CB,7.485,78.733,103.206
blind,ASP,64,CG,6.865,80.115,103.354
blind,ASP,64,OD1,5.713,80.201,103.85
blind,ASP,64,OD2,7.526,81.11,102.967
blind,ASP,65,N,9.295,77.202,105.298
blind,ASP,65,CA,10.418,76.337,105.655
blind,ASP,65,C,9.783,75.135,106.403
blind,ASP,65,O,10.335,74.033,106.435
blind,ASP,65,CB,11.396,77.06,106.643
blind,ASP,65,CG,12.318,78.13,105.976
blind,ASP,65,OD1,12.7,77.961,104.801
blind,ASP,65,OD2,12.699,79.13,106.646
blind,SER,66,N,8.602,75.367,106.977
blind,SER,66,CA,7.888,74.387,107.804
blind,SER,66,C,7.197,73.134,107.268
blind,SER,66,O,6.609,73.114,106.174
blind,SER,66,CB,6.878,75.12,108.684
blind,SER,66,OG,6.333,74.238,109.648
blind,CYS,68,N,5.052,71.413,109.596
blind,CYS,68,CA,3.738,71.486,110.197
blind,CYS,68,C,2.846,72.514,109.561
blind,CYS,68,O,3.223,73.211,108.626
blind,CYS,68,CB,3.842,71.806,111.675
blind,CYS,68,SG,5.117,70.819,112.489
blind,THR,69,N,1.645,72.591,110.108
blind,THR,69,CA,0.612,73.504,109.659
blind,THR,69,C,-0.449,73.39,110.739
blind,THR,69,O,-0.491,72.388,111.45
blind,THR,69,CB,0.037,73.08,108.274
blind,THR,69,OG1,-1.358,73.407,108.217
blind,THR,69,CG2,0.235,71.582,108.022
blind,GLY,70,N,-1.288,74.407,110.889
blind,GLY,70,CA,-2.301,74.327,111.92
blind,GLY,70,C,-3.304,75.455,111.934
blind,GLY,70,O,-3.226,76.39,111.133
blind,GLN,82,N,3.666,66.819,108.417
blind,GLN,82,CA,3.673,66.168,107.101
blind,GLN,82,C,4.985,65.524,106.679
blind,GLN,82,O,6.027,65.725,107.306
blind,GLN,82,CB,3.261,67.161,106.013
blind,GLN,82,CG,1.781,67.53,106.031
blind,GLN,82,CD,1.413,68.602,104.999
blind,GLN,82,OE1,0.231,68.919,104.807
blind,GLN,82,NE2,2.426,69.165,104.338
